band,species,year,beak length (mm),beak depth (mm)
20123,fortis,1973,9.25,8.05
20126,fortis,1973,11.35,10.45
20128,fortis,1973,10.15,9.55
20129,fortis,1973,9.95,8.75
20133,fortis,1973,11.55,10.15
20136,fortis,1973,11.15,9.85
20138,fortis,1973,10.05,8.85
20142,fortis,1973,11.25,10.15
20143,fortis,1973,9.15,8.15
20146,fortis,1973,9.25,8.55
20149,fortis,1973,11.75,10.65
20150,fortis,1973,9.05,8.05
20152,fortis,1973,11.15,9.75
20155,fortis,1973,11.25,10.15
20156,fortis,1973,10.45,9.85
20157,fortis,1973,10.65,9.75
20163,fortis,1973,10.05,8.35
20164,fortis,1973,10.45,8.55
20169,fortis,1973,11.45,10.25
20172,fortis,1973,11.15,9.35
20174,fortis,1973,10.95,10.15
20176,fortis,1973,9.55,8.55
20177,fortis,1973,10.65,8.85
20178,fortis,1973,10.05,9.85
20181,fortis,1973,11.25,10.75
20183,fortis,1973,10.85,9.85
20203,fortis,1973,10.05,8.45
20206,fortis,1973,11.95,10.55
20211,fortis,1973,9.85,8.35
20215,fortis,1973,9.35,8.25
20217,fortis,1973,12.05,10.95
20218,fortis,1973,10.35,9.15
20219,fortis,1973,10.65,8.85
20221,fortis,1973,10.95,10.05
20229,fortis,1973,10.25,9.55
20230,fortis,1973,12.65,12.15
20233,fortis,1973,10.65,9.55
20235,fortis,1973,10.75,9.75
20239,fortis,1973,10.15,9.25
20243,fortis,1973,10.25,9.05
20244,fortis,1973,10.35,8.45
20246,fortis,1973,10.55,9.55
20247,fortis,1973,10.95,9.95
20249,fortis,1973,11.65,10.65
20250,fortis,1973,9.85,7.95
20253,fortis,1973,11.15,10.65
20256,fortis,1973,10.05,9.15
20258,fortis,1973,11.15,10.05
20263,fortis,1973,10.95,9.75
20268,fortis,1973,11.05,10.05
20269,fortis,1973,10.65,9.65
20271,fortis,1973,10.85,9.45
20272,fortis,1973,11.05,10.75
20275,fortis,1973,11.05,9.85
20276,fortis,1973,11.55,11.15
20277,fortis,1973,11.25,10.85
20278,fortis,1973,10.25,8.55
20282,fortis,1973,11.05,10.25
20292,fortis,1973,9.95,8.35
20296,fortis,1973,10.65,9.15
20299,fortis,1973,9.95,9.35
20301,fortis,1973,11.05,10.15
20302,fortis,1973,10.75,9.75
20306,fortis,1973,11.75,10.75
20307,fortis,1973,10.25,9.35
20308,fortis,1973,9.45,8.65
20309,fortis,1973,11.85,10.35
20310,fortis,1973,10.95,10.55
20313,fortis,1973,10.35,9.45
20317,fortis,1973,10.15,8.85
20318,fortis,1973,10.45,9.45
20320,fortis,1973,11.35,9.85
20324,fortis,1973,9.85,9.15
20121,scandens,1973,15.15,9.35
20125,scandens,1973,15.05,9.75
20135,scandens,1973,14.45,8.35
20159,scandens,1973,14.05,9.55
20160,scandens,1973,14.25,8.55
20175,scandens,1973,14.65,9.85
20182,scandens,1973,15.45,10.65
20187,scandens,1973,15.15,9.55
20200,scandens,1973,14.95,9.85
20207,scandens,1973,13.65,9.75
20220,scandens,1973,14.65,7.95
20224,scandens,1973,15.65,9.95
20245,scandens,1973,14.05,9.55
20254,scandens,1973,13.85,9.15
20259,scandens,1973,14.95,10.45
20274,scandens,1973,13.15,9.15
2,fortis,1975,9.4,8.0
9,fortis,1975,9.2,8.3
12,fortis,1975,9.5,7.5
15,fortis,1975,9.5,8.0
305,fortis,1975,11.5,9.9
307,fortis,1975,11.1,8.6
308,fortis,1975,9.9,8.4
309,fortis,1975,11.5,9.8
311,fortis,1975,10.8,9.2
312,fortis,1975,11.3,9.0
313,fortis,1975,11.5,9.5
314,fortis,1975,11.5,8.9
315,fortis,1975,9.7,8.8
316,fortis,1975,10.9,9.7
320,fortis,1975,10.1,8.9
321,fortis,1975,10.6,8.5
323,fortis,1975,9.6,8.2
324,fortis,1975,10.3,9.3
326,fortis,1975,10.5,9.1
328,fortis,1975,10.5,8.8
329,fortis,1975,10.9,9.4
330,fortis,1975,11.2,9.6
340,fortis,1975,9.4,8.5
341,fortis,1975,10.1,8.1
342,fortis,1975,9.6,8.0
343,fortis,1975,10.5,9.7
344,fortis,1975,9.9,8.2
345,fortis,1975,9.9,8.4
346,fortis,1975,9.6,7.9
347,fortis,1975,10.7,9.3
348,fortis,1975,11.8,10.5
349,fortis,1975,10.2,9.7
350,fortis,1975,10.9,9.6
352,fortis,1975,9.3,7.7
354,fortis,1975,11.6,9.8
355,fortis,1975,11.2,9.8
356,fortis,1975,10.1,8.5
360,fortis,1975,10.7,9.2
366,fortis,1975,11.0,10.1
368,fortis,1975,10.8,9.0
369,fortis,1975,10.2,9.0
401,fortis,1975,10.8,9.4
402,fortis,1975,10.4,8.8
403,fortis,1975,11.2,9.9
405,fortis,1975,11.4,9.9
410,fortis,1975,10.9,8.9
411,fortis,1975,10.4,9.4
413,fortis,1975,9.7,8.2
414,fortis,1975,10.2,8.2
415,fortis,1975,9.2,8.1
416,fortis,1975,10.1,8.4
417,fortis,1975,11.0,10.1
418,fortis,1975,10.3,8.6
419,fortis,1975,10.2,8.5
420,fortis,1975,11.0,9.7
422,fortis,1975,11.0,10.3
423,fortis,1975,10.1,8.6
424,fortis,1975,10.7,9.3
425,fortis,1975,10.7,8.9
426,fortis,1975,11.0,9.7
427,fortis,1975,12.0,10.2
428,fortis,1975,11.6,10.2
450,fortis,1975,9.9,8.5
451,fortis,1975,10.8,8.8
452,fortis,1975,10.5,8.9
453,fortis,1975,10.0,8.7
454,fortis,1975,9.6,9.3
455,fortis,1975,11.0,9.7
456,fortis,1975,10.2,9.6
457,fortis,1975,9.7,7.85
458,fortis,1975,11.1,9.6
459,fortis,1975,10.4,9.3
461,fortis,1975,11.1,9.8
462,fortis,1975,10.2,8.8
463,fortis,1975,10.3,9.1
465,fortis,1975,9.9,9.0
466,fortis,1975,11.0,10.4
468,fortis,1975,10.8,9.0
473,fortis,1975,10.5,9.5
474,fortis,1975,10.5,8.7
475,fortis,1975,11.2,9.6
476,fortis,1975,11.2,9.4
477,fortis,1975,11.7,9.5
479,fortis,1975,10.5,8.6
501,fortis,1975,10.5,9.9
502,fortis,1975,11.2,9.4
503,fortis,1975,10.0,9.1
504,fortis,1975,10.4,8.6
505,fortis,1975,10.8,9.3
506,fortis,1975,11.1,9.2
507,fortis,1975,10.3,8.8
509,fortis,1975,11.1,9.2
510,fortis,1975,9.8,8.3
511,fortis,1975,10.5,8.8
512,fortis,1975,11.0,9.4
513,fortis,1975,11.2,10.4
514,fortis,1975,9.8,8.5
515,fortis,1975,9.8,7.9
516,fortis,1975,9.8,7.9
517,fortis,1975,10.3,10.1
518,fortis,1975,11.3,9.8
519,fortis,1975,10.0,8.3
520,fortis,1975,11.1,9.4
521,fortis,1975,10.0,9.0
522,fortis,1975,10.3,8.4
524,fortis,1975,10.2,8.7
526,fortis,1975,10.4,9.2
527,fortis,1975,11.0,9.5
528,fortis,1975,11.5,10.1
529,fortis,1975,11.8,9.8
560,fortis,1975,10.2,8.5
561,fortis,1975,11.7,10.2
563,fortis,1975,10.1,8.6
564,fortis,1975,10.2,9.3
565,fortis,1975,9.8,8.7
566,fortis,1975,10.6,8.9
567,fortis,1975,10.0,8.4
572,fortis,1975,12.1,10.3
574,fortis,1975,11.1,9.9
576,fortis,1975,10.5,8.9
578,fortis,1975,10.0,9.1
579,fortis,1975,10.2,8.6
601,fortis,1975,9.7,7.8
602,fortis,1975,10.0,8.6
603,fortis,1975,10.7,9.5
604,fortis,1975,11.0,9.5
605,fortis,1975,10.9,10.2
606,fortis,1975,10.5,9.1
607,fortis,1975,10.9,9.7
608,fortis,1975,10.7,9.4
609,fortis,1975,11.9,10.5
610,fortis,1975,10.2,9.0
611,fortis,1975,10.5,9.8
615,fortis,1975,11.2,10.0
616,fortis,1975,10.7,9.6
617,fortis,1975,10.3,9.6
618,fortis,1975,11.6,9.9
619,fortis,1975,10.5,9.3
620,fortis,1975,10.9,9.6
621,fortis,1975,9.8,7.6
622,fortis,1975,10.9,9.2
623,fortis,1975,10.3,8.8
624,fortis,1975,11.7,10.1
625,fortis,1975,11.0,8.9
626,fortis,1975,9.8,9.5
627,fortis,1975,10.4,8.2
628,fortis,1975,10.8,9.7
629,fortis,1975,11.0,9.8
670,fortis,1975,10.6,9.3
671,fortis,1975,11.3,9.8
672,fortis,1975,10.1,8.8
673,fortis,1975,11.4,10.1
674,fortis,1975,11.8,10.5
675,fortis,1975,9.9,8.6
676,fortis,1975,11.0,9.7
677,fortis,1975,10.8,10.0
678,fortis,1975,11.3,9.7
679,fortis,1975,11.1,10.5
680,fortis,1975,11.0,10.4
681,fortis,1975,10.4,9.2
682,fortis,1975,9.1,8.1
683,fortis,1975,10.8,9.4
684,fortis,1975,10.6,8.9
685,fortis,1975,8.7,8.2
686,fortis,1975,10.7,9.3
687,fortis,1975,10.3,8.6
688,fortis,1975,10.5,9.0
689,fortis,1975,9.1,7.6
701,fortis,1975,9.5,8.7
702,fortis,1975,10.8,9.8
703,fortis,1975,10.6,9.4
704,fortis,1975,9.9,9.9
705,fortis,1975,11.5,10.1
706,fortis,1975,11.2,9.8
707,fortis,1975,9.7,7.9
708,fortis,1975,12.2,10.8
709,fortis,1975,9.2,7.9
710,fortis,1975,10.5,10.0
711,fortis,1975,10.5,8.4
712,fortis,1975,10.8,9.5
713,fortis,1975,10.7,8.8
714,fortis,1975,11.8,10.4
715,fortis,1975,9.1,8.1
716,fortis,1975,10.1,9.8
717,fortis,1975,10.0,8.2
719,fortis,1975,11.0,9.5
720,fortis,1975,12.2,10.5
721,fortis,1975,11.4,9.7
723,fortis,1975,10.9,9.6
725,fortis,1975,10.6,9.6
726,fortis,1975,9.3,7.9
780,fortis,1975,10.9,10.1
781,fortis,1975,10.6,9.3
785,fortis,1975,11.0,10.3
786,fortis,1975,9.0,7.9
787,fortis,1975,11.0,9.1
788,fortis,1975,10.4,8.9
789,fortis,1975,10.4,8.3
790,fortis,1975,9.6,9.4
801,fortis,1975,10.6,9.5
802,fortis,1975,10.1,8.5
803,fortis,1975,9.7,8.6
804,fortis,1975,9.6,8.5
805,fortis,1975,10.1,8.2
807,fortis,1975,9.9,7.9
808,fortis,1975,11.0,10.0
809,fortis,1975,10.9,9.4
810,fortis,1975,9.7,8.0
811,fortis,1975,10.0,8.6
812,fortis,1975,10.4,9.0
813,fortis,1975,11.6,9.9
814,fortis,1975,9.6,8.0
815,fortis,1975,10.8,9.6
817,fortis,1975,10.9,9.2
818,fortis,1975,10.2,9.0
819,fortis,1975,10.4,9.2
820,fortis,1975,11.0,9.5
821,fortis,1975,10.7,9.2
822,fortis,1975,11.1,9.7
823,fortis,1975,10.8,9.1
824,fortis,1975,10.9,9.4
825,fortis,1975,9.9,8.6
826,fortis,1975,11.8,9.8
827,fortis,1975,9.7,8.0
828,fortis,1975,11.9,10.4
829,fortis,1975,9.6,8.1
830,fortis,1975,10.9,9.9
831,fortis,1975,10.2,8.6
891,fortis,1975,9.9,8.0
892,fortis,1975,11.3,9.0
893,fortis,1975,10.9,9.7
894,fortis,1975,9.8,8.1
895,fortis,1975,10.3,8.8
896,fortis,1975,8.8,7.5
897,fortis,1975,11.6,10.2
898,fortis,1975,9.9,8.2
899,fortis,1975,9.9,8.6
900,fortis,1975,9.9,8.7
902,fortis,1975,10.4,8.6
903,fortis,1975,11.2,9.9
904,fortis,1975,10.8,9.5
905,fortis,1975,9.9,8.4
906,fortis,1975,9.9,8.7
907,fortis,1975,10.2,8.2
908,fortis,1975,10.4,9.2
909,fortis,1975,9.4,8.2
910,fortis,1975,10.2,9.2
911,fortis,1975,11.0,9.3
912,fortis,1975,10.6,8.9
913,fortis,1975,10.5,9.0
914,fortis,1975,10.4,9.1
915,fortis,1975,10.2,8.8
917,fortis,1975,10.2,8.8
919,fortis,1975,11.0,9.6
921,fortis,1975,11.1,10.2
922,fortis,1975,9.7,8.2
923,fortis,1975,10.5,8.9
924,fortis,1975,10.9,9.0
925,fortis,1975,10.7,8.8
926,fortis,1975,11.0,9.9
927,fortis,1975,10.9,9.3
928,fortis,1975,11.2,9.9
929,fortis,1975,11.5,9.5
930,fortis,1975,10.8,10.0
931,fortis,1975,10.2,8.9
932,fortis,1975,11.0,9.8
933,fortis,1975,10.9,9.9
934,fortis,1975,10.5,8.7
936,fortis,1975,10.8,9.2
941,fortis,1975,9.8,8.2
942,fortis,1975,9.7,7.9
943,fortis,1975,10.3,9.1
944,fortis,1975,10.3,8.3
945,fortis,1975,11.6,10.8
951,fortis,1975,10.9,9.9
952,fortis,1975,10.6,9.0
954,fortis,1975,11.5,9.3
991,fortis,1975,10.8,9.6
1040,fortis,1975,10.83,9.3
1368,fortis,1975,11.73,10.2
1420,fortis,1975,10.23,8.6
1433,fortis,1975,11.83,10.98
1560,fortis,1975,11.43,10.28
1581,fortis,1975,10.73,9.6
1770,fortis,1975,10.33,9.28
1857,fortis,1975,10.23,9.5
1860,fortis,1975,11.53,9.4
1884,fortis,1975,11.03,9.15
2102,fortis,1975,11.73,9.8
2105,fortis,1975,10.53,9.35
2220,fortis,1975,9.93,8.5
2381,fortis,1975,11.23,10.5
2482,fortis,1975,9.83,8.5
2939,fortis,1975,9.63,8.31
2955,fortis,1975,10.6,9.9
2974,fortis,1975,11.88,10.36
3642,fortis,1975,11.03,10.28
8016,fortis,1975,10.73,8.9
8020,fortis,1975,10.13,8.7
20139,fortis,1975,10.15,9.15
20165,fortis,1975,10.85,10.35
20166,fortis,1975,10.95,8.85
20168,fortis,1975,9.85,8.55
20204,fortis,1975,10.25,8.95
20238,fortis,1975,11.75,10.75
20267,fortis,1975,10.95,10.05
20273,fortis,1975,10.95,10.15
20283,fortis,1975,10.55,8.45
20285,fortis,1975,9.65,8.85
20286,fortis,1975,11.45,10.25
20293,fortis,1975,10.25,9.75
20298,fortis,1975,10.05,8.95
302,scandens,1975,13.9,8.4
304,scandens,1975,14.0,8.8
306,scandens,1975,12.9,8.4
310,scandens,1975,13.5,8.0
317,scandens,1975,12.9,7.9
318,scandens,1975,14.6,8.9
319,scandens,1975,13.0,8.6
322,scandens,1975,14.2,8.5
325,scandens,1975,14.0,8.9
327,scandens,1975,14.2,9.1
351,scandens,1975,13.1,8.6
353,scandens,1975,15.1,9.8
357,scandens,1975,13.5,8.2
358,scandens,1975,14.4,9.0
359,scandens,1975,14.9,9.7
361,scandens,1975,12.9,8.6
362,scandens,1975,13.0,8.2
363,scandens,1975,14.9,9.0
364,scandens,1975,14.0,8.4
365,scandens,1975,13.8,8.6
367,scandens,1975,13.0,8.9
404,scandens,1975,14.75,9.1
406,scandens,1975,13.7,8.3
407,scandens,1975,13.8,8.7
408,scandens,1975,14.0,9.6
409,scandens,1975,14.6,8.5
412,scandens,1975,15.2,9.1
421,scandens,1975,13.5,9.0
429,scandens,1975,15.1,9.2
460,scandens,1975,15.0,9.9
464,scandens,1975,12.8,8.6
467,scandens,1975,14.9,9.2
469,scandens,1975,15.3,8.4
470,scandens,1975,13.4,8.9
471,scandens,1975,14.2,8.5
472,scandens,1975,15.1,10.4
478,scandens,1975,15.1,9.6
508,scandens,1975,14.0,9.1
523,scandens,1975,13.6,9.3
525,scandens,1975,14.0,9.3
562,scandens,1975,14.0,8.8
568,scandens,1975,13.9,8.3
569,scandens,1975,14.0,8.8
570,scandens,1975,14.9,9.1
571,scandens,1975,15.6,10.1
573,scandens,1975,13.8,8.9
575,scandens,1975,14.4,9.2
577,scandens,1975,12.8,8.5
612,scandens,1975,14.2,10.2
613,scandens,1975,13.4,10.1
614,scandens,1975,14.0,9.2
718,scandens,1975,14.8,9.7
722,scandens,1975,14.2,9.1
724,scandens,1975,13.5,8.5
727,scandens,1975,13.4,8.2
728,scandens,1975,14.6,9.0
729,scandens,1975,13.5,9.3
782,scandens,1975,13.7,8.0
783,scandens,1975,13.9,9.1
784,scandens,1975,13.1,8.1
806,scandens,1975,13.4,8.3
816,scandens,1975,13.8,8.7
890,scandens,1975,13.6,8.8
901,scandens,1975,14.0,8.6
916,scandens,1975,13.5,8.7
918,scandens,1975,12.8,8.0
920,scandens,1975,14.0,8.8
935,scandens,1975,13.4,9.0
953,scandens,1975,14.9,9.1
1014,scandens,1975,15.54,9.74
1642,scandens,1975,14.63,9.1
1748,scandens,1975,14.73,9.8
1841,scandens,1975,15.73,10.4
1842,scandens,1975,14.83,8.3
2084,scandens,1975,15.94,9.44
2397,scandens,1975,15.14,9.04
8110,scandens,1975,14.23,9.0
20122,scandens,1975,14.15,9.05
20151,scandens,1975,14.35,9.65
20188,scandens,1975,14.95,9.45
20210,scandens,1975,13.95,8.65
20223,scandens,1975,14.05,9.45
20225,scandens,1975,14.55,9.45
20252,scandens,1975,14.05,9.05
20255,scandens,1975,14.45,8.75
20266,scandens,1975,15.05,9.45
20279,scandens,1975,13.25,8.35
14613,fortis,1987,9.1,7.0
15487,fortis,1987,9.14,7.12
15187,fortis,1987,9.24,7.21
15284,fortis,1987,9.2,7.3
14983,fortis,1987,8.83,7.32
14913,fortis,1987,9.14,7.41
15726,fortis,1987,9.04,7.42
15821,fortis,1987,10.56,7.43
15484,fortis,1987,9.7,7.45
4968,fortis,1987,9.25,7.5
15695,fortis,1987,9.5,7.5
15272,fortis,1987,9.34,7.51
15256,fortis,1987,9.64,7.51
13907,fortis,1987,9.04,7.64
5578,fortis,1987,9.8,7.65
10376,fortis,1987,9.28,7.68
13377,fortis,1987,9.5,7.7
15225,fortis,1987,10.8,7.8
15914,fortis,1987,9.24,7.81
14760,fortis,1987,10.24,7.81
15779,fortis,1987,9.74,7.86
13901,fortis,1987,9.2,7.9
15277,fortis,1987,9.95,7.9
15285,fortis,1987,9.34,7.92
13194,fortis,1987,9.35,7.92
14967,fortis,1987,10.1,7.92
14800,fortis,1987,9.96,7.93
14612,fortis,1987,9.27,7.95
15154,fortis,1987,9.4,7.95
14123,fortis,1987,9.68,7.96
15368,fortis,1987,10.19,7.97
15873,fortis,1987,10.0,8.0
16027,fortis,1987,10.25,8.0
15353,fortis,1987,11.3,8.0
14265,fortis,1987,9.83,8.02
15014,fortis,1987,11.04,8.02
14969,fortis,1987,10.16,8.03
5627,fortis,1987,10.74,8.03
15973,fortis,1987,10.19,8.06
13468,fortis,1987,9.46,8.09
15214,fortis,1987,9.5,8.1
14978,fortis,1987,9.7,8.1
15909,fortis,1987,10.0,8.1
13996,fortis,1987,10.05,8.1
13543,fortis,1987,10.3,8.1
14634,fortis,1987,10.5,8.1
15804,fortis,1987,9.94,8.11
15493,fortis,1987,10.04,8.11
15363,fortis,1987,10.24,8.11
15286,fortis,1987,9.2,8.2
15019,fortis,1987,9.3,8.2
16112,fortis,1987,10.04,8.21
15270,fortis,1987,10.34,8.21
15874,fortis,1987,10.34,8.21
16007,fortis,1987,10.04,8.22
14860,fortis,1987,9.86,8.23
10313,fortis,1987,9.73,8.24
15490,fortis,1987,9.45,8.25
15106,fortis,1987,10.0,8.25
13539,fortis,1987,9.78,8.27
14912,fortis,1987,9.64,8.28
13244,fortis,1987,9.8,8.3
14822,fortis,1987,10.0,8.3
14909,fortis,1987,10.0,8.3
15944,fortis,1987,10.8,8.3
16170,fortis,1987,9.64,8.31
15477,fortis,1987,10.14,8.31
15111,fortis,1987,10.24,8.31
14686,fortis,1987,10.74,8.31
15915,fortis,1987,10.74,8.31
15759,fortis,1987,11.14,8.31
15850,fortis,1987,11.24,8.31
15977,fortis,1987,9.84,8.32
14632,fortis,1987,9.86,8.33
14982,fortis,1987,9.96,8.33
13306,fortis,1987,10.57,8.34
13351,fortis,1987,10.0,8.35
15288,fortis,1987,10.95,8.35
15079,fortis,1987,9.89,8.36
15402,fortis,1987,9.99,8.36
15248,fortis,1987,9.1,8.4
13881,fortis,1987,9.8,8.4
15879,fortis,1987,9.85,8.4
4830,fortis,1987,10.0,8.4
15679,fortis,1987,10.0,8.4
15806,fortis,1987,10.0,8.4
5887,fortis,1987,10.18,8.4
15845,fortis,1987,10.4,8.4
14890,fortis,1987,10.9,8.4
15875,fortis,1987,10.04,8.41
15381,fortis,1987,10.14,8.41
15382,fortis,1987,10.24,8.41
15453,fortis,1987,10.54,8.41
5555,fortis,1987,9.04,8.42
15127,fortis,1987,9.24,8.42
14628,fortis,1987,10.06,8.43
15379,fortis,1987,10.26,8.43
14939,fortis,1987,10.2,8.45
10100,fortis,1987,10.93,8.45
16172,fortis,1987,10.64,8.47
15188,fortis,1987,10.74,8.47
14611,fortis,1987,9.4,8.5
14025,fortis,1987,9.55,8.5
14970,fortis,1987,9.8,8.5
15970,fortis,1987,9.83,8.5
10760,fortis,1987,10.0,8.5
15706,fortis,1987,10.0,8.5
14762,fortis,1987,10.3,8.5
15829,fortis,1987,10.6,8.5
14743,fortis,1987,11.5,8.5
15933,fortis,1987,10.24,8.51
14836,fortis,1987,10.5,8.51
15940,fortis,1987,10.84,8.51
15995,fortis,1987,9.94,8.52
14704,fortis,1987,10.36,8.53
5685,fortis,1987,9.8,8.55
14833,fortis,1987,10.09,8.56
1536,fortis,1987,9.8,8.6
15163,fortis,1987,9.9,8.6
5556,fortis,1987,10.0,8.6
14902,fortis,1987,10.0,8.6
15342,fortis,1987,10.0,8.6
14894,fortis,1987,10.1,8.6
15761,fortis,1987,11.3,8.6
5628,fortis,1987,12.0,8.6
15497,fortis,1987,10.14,8.61
14932,fortis,1987,10.34,8.61
15374,fortis,1987,10.34,8.61
15175,fortis,1987,10.54,8.61
15724,fortis,1987,10.54,8.61
15680,fortis,1987,10.94,8.61
14827,fortis,1987,11.04,8.61
15296,fortis,1987,11.14,8.61
15711,fortis,1987,11.14,8.61
10066,fortis,1987,11.24,8.61
15322,fortis,1987,12.14,8.61
15262,fortis,1987,9.94,8.62
14840,fortis,1987,9.95,8.62
4229,fortis,1987,10.05,8.62
13195,fortis,1987,10.35,8.62
14829,fortis,1987,10.86,8.63
13994,fortis,1987,10.18,8.64
15464,fortis,1987,9.45,8.65
15865,fortis,1987,10.19,8.66
14831,fortis,1987,10.84,8.66
13269,fortis,1987,9.4,8.7
15184,fortis,1987,9.5,8.7
14096,fortis,1987,9.8,8.7
15245,fortis,1987,9.85,8.7
15143,fortis,1987,10.0,8.7
15712,fortis,1987,10.1,8.7
4715,fortis,1987,10.4,8.7
14832,fortis,1987,10.45,8.7
15757,fortis,1987,10.57,8.7
14694,fortis,1987,10.8,8.7
15388,fortis,1987,10.9,8.7
15224,fortis,1987,11.4,8.7
15018,fortis,1987,9.64,8.71
15981,fortis,1987,10.04,8.71
15228,fortis,1987,10.24,8.71
15663,fortis,1987,10.44,8.71
15983,fortis,1987,10.54,8.71
10198,fortis,1987,10.64,8.71
15657,fortis,1987,10.84,8.71
15990,fortis,1987,10.94,8.71
15123,fortis,1987,11.14,8.71
15855,fortis,1987,11.14,8.71
15005,fortis,1987,11.29,8.71
15617,fortis,1987,11.79,8.71
14880,fortis,1987,9.84,8.72
14742,fortis,1987,11.15,8.72
15080,fortis,1987,9.76,8.73
15273,fortis,1987,10.06,8.73
4859,fortis,1987,10.87,8.73
14767,fortis,1987,11.86,8.73
5602,fortis,1987,10.83,8.74
15978,fortis,1987,10.39,8.76
15246,fortis,1987,10.64,8.76
15264,fortis,1987,9.7,8.77
14867,fortis,1987,10.09,8.77
13687,fortis,1987,10.67,8.77
15306,fortis,1987,10.95,8.77
10347,fortis,1987,9.96,8.79
15420,fortis,1987,9.7,8.8
16016,fortis,1987,9.97,8.8
14042,fortis,1987,10.1,8.8
14797,fortis,1987,10.37,8.8
14761,fortis,1987,10.9,8.8
14858,fortis,1987,10.9,8.8
2749,fortis,1987,11.1,8.8
15244,fortis,1987,11.15,8.8
5872,fortis,1987,11.8,8.8
14680,fortis,1987,10.14,8.81
14763,fortis,1987,10.19,8.81
14892,fortis,1987,10.24,8.81
15176,fortis,1987,10.24,8.81
14795,fortis,1987,10.54,8.81
15040,fortis,1987,10.54,8.81
15733,fortis,1987,10.54,8.81
15367,fortis,1987,10.74,8.81
14535,fortis,1987,11.24,8.81
15268,fortis,1987,11.24,8.81
15883,fortis,1987,10.05,8.82
15220,fortis,1987,10.24,8.82
15430,fortis,1987,10.94,8.82
15404,fortis,1987,10.59,8.86
14841,fortis,1987,9.9,8.87
15313,fortis,1987,10.04,8.87
14868,fortis,1987,10.35,8.87
13385,fortis,1987,11.2,8.87
15301,fortis,1987,11.8,8.88
5626,fortis,1987,11.1,8.89
14928,fortis,1987,10.0,8.9
5965,fortis,1987,10.1,8.9
15182,fortis,1987,10.1,8.9
16162,fortis,1987,10.13,8.9
13582,fortis,1987,10.2,8.9
14811,fortis,1987,10.33,8.9
5669,fortis,1987,10.4,8.9
10703,fortis,1987,10.4,8.9
14684,fortis,1987,10.7,8.9
14809,fortis,1987,10.7,8.9
10548,fortis,1987,10.9,8.9
15387,fortis,1987,10.9,8.9
5721,fortis,1987,11.1,8.9
14808,fortis,1987,11.6,8.9
15223,fortis,1987,11.6,8.9
15795,fortis,1987,11.8,8.9
15274,fortis,1987,10.44,8.91
14664,fortis,1987,10.54,8.91
15854,fortis,1987,10.64,8.91
15941,fortis,1987,10.74,8.91
14258,fortis,1987,10.76,8.91
15852,fortis,1987,10.79,8.91
15132,fortis,1987,10.84,8.91
15659,fortis,1987,11.04,8.91
15431,fortis,1987,11.29,8.91
15378,fortis,1987,11.84,8.91
14749,fortis,1987,10.04,8.92
14533,fortis,1987,11.1,8.92
15348,fortis,1987,11.2,8.92
14636,fortis,1987,10.76,8.93
14671,fortis,1987,10.76,8.93
13575,fortis,1987,11.0,8.93
14685,fortis,1987,11.46,8.93
2639,fortis,1987,10.3,8.95
14478,fortis,1987,10.9,8.95
14681,fortis,1987,9.94,8.96
15630,fortis,1987,10.24,8.96
15229,fortis,1987,10.99,8.96
15337,fortis,1987,10.47,8.97
15332,fortis,1987,10.7,8.97
5330,fortis,1987,12.21,8.97
14403,fortis,1987,10.35,8.98
15232,fortis,1987,10.52,8.98
5554,fortis,1987,10.0,9.0
15054,fortis,1987,10.3,9.0
15157,fortis,1987,10.6,9.0
15488,fortis,1987,10.75,9.0
15241,fortis,1987,10.8,9.0
14915,fortis,1987,11.0,9.0
14788,fortis,1987,12.0,9.0
14846,fortis,1987,10.04,9.01
15631,fortis,1987,10.24,9.01
15715,fortis,1987,10.24,9.01
15496,fortis,1987,10.34,9.01
15758,fortis,1987,10.34,9.01
15791,fortis,1987,10.64,9.01
15311,fortis,1987,11.24,9.01
15684,fortis,1987,11.54,9.01
15785,fortis,1987,11.54,9.01
15465,fortis,1987,10.74,9.02
14712,fortis,1987,11.04,9.02
15230,fortis,1987,10.1,9.03
15318,fortis,1987,10.76,9.03
14356,fortis,1987,10.04,9.04
5389,fortis,1987,10.27,9.04
10232,fortis,1987,10.87,9.04
4936,fortis,1987,10.0,9.05
5587,fortis,1987,10.35,9.05
14741,fortis,1987,11.04,9.06
13486,fortis,1987,9.98,9.07
13579,fortis,1987,10.03,9.07
15822,fortis,1987,10.49,9.07
15412,fortis,1987,10.5,9.07
15153,fortis,1987,10.57,9.07
15055,fortis,1987,10.8,9.07
14669,fortis,1987,11.34,9.07
15863,fortis,1987,11.69,9.07
10102,fortis,1987,10.98,9.08
14883,fortis,1987,11.51,9.08
13522,fortis,1987,9.66,9.09
10685,fortis,1987,10.46,9.09
14872,fortis,1987,9.7,9.1
15333,fortis,1987,10.5,9.1
14765,fortis,1987,10.6,9.1
15389,fortis,1987,10.83,9.1
13932,fortis,1987,10.9,9.1
13365,fortis,1987,11.3,9.1
15066,fortis,1987,11.4,9.1
14723,fortis,1987,12.0,9.1
14659,fortis,1987,10.24,9.11
16111,fortis,1987,10.24,9.11
15011,fortis,1987,10.34,9.11
15047,fortis,1987,10.35,9.11
15781,fortis,1987,10.89,9.11
14826,fortis,1987,10.9,9.11
15499,fortis,1987,11.04,9.11
15065,fortis,1987,11.09,9.11
15832,fortis,1987,11.14,9.11
15934,fortis,1987,11.14,9.11
14784,fortis,1987,11.34,9.11
15611,fortis,1987,11.34,9.11
15325,fortis,1987,11.54,9.11
14672,fortis,1987,10.54,9.12
14347,fortis,1987,10.63,9.12
15105,fortis,1987,10.85,9.12
15233,fortis,1987,10.85,9.12
14838,fortis,1987,10.95,9.12
15359,fortis,1987,11.04,9.12
5828,fortis,1987,11.25,9.12
14824,fortis,1987,11.25,9.12
15048,fortis,1987,10.46,9.13
15321,fortis,1987,11.96,9.13
5817,fortis,1987,10.49,9.14
13690,fortis,1987,10.73,9.14
5507,fortis,1987,11.07,9.14
5858,fortis,1987,10.45,9.15
16089,fortis,1987,10.65,9.15
5718,fortis,1987,10.71,9.15
15408,fortis,1987,11.2,9.15
14692,fortis,1987,11.25,9.15
15027,fortis,1987,10.37,9.17
14518,fortis,1987,10.72,9.17
13389,fortis,1987,12.22,9.19
14871,fortis,1987,9.5,9.2
14041,fortis,1987,10.0,9.2
15126,fortis,1987,10.2,9.2
15369,fortis,1987,10.4,9.2
5826,fortis,1987,10.55,9.2
14100,fortis,1987,10.6,9.2
15125,fortis,1987,10.6,9.2
5927,fortis,1987,10.7,9.2
10213,fortis,1987,10.7,9.2
14062,fortis,1987,10.7,9.2
14879,fortis,1987,10.7,9.2
14854,fortis,1987,10.75,9.2
15056,fortis,1987,10.8,9.2
14652,fortis,1987,10.9,9.2
15450,fortis,1987,10.9,9.2
15601,fortis,1987,10.9,9.2
10023,fortis,1987,11.0,9.2
14921,fortis,1987,11.3,9.2
15926,fortis,1987,11.9,9.2
15151,fortis,1987,10.24,9.21
15263,fortis,1987,10.39,9.21
2833,fortis,1987,10.63,9.21
15707,fortis,1987,10.84,9.21
15454,fortis,1987,11.14,9.21
15409,fortis,1987,11.24,9.21
15985,fortis,1987,11.24,9.21
15215,fortis,1987,11.34,9.21
15261,fortis,1987,11.34,9.21
15903,fortis,1987,12.14,9.21
5725,fortis,1987,11.03,9.22
15772,fortis,1987,11.04,9.22
14605,fortis,1987,11.2,9.22
14696,fortis,1987,11.06,9.23
14701,fortis,1987,11.16,9.23
2737,fortis,1987,10.21,9.24
14124,fortis,1987,10.97,9.24
13708,fortis,1987,11.83,9.24
14732,fortis,1987,10.9,9.25
15710,fortis,1987,11.0,9.25
15727,fortis,1987,11.0,9.25
14679,fortis,1987,10.5,9.27
15396,fortis,1987,10.63,9.27
14956,fortis,1987,10.85,9.27
15373,fortis,1987,11.45,9.27
14901,fortis,1987,10.1,9.3
15247,fortis,1987,10.3,9.3
2738,fortis,1987,10.4,9.3
14279,fortis,1987,10.5,9.3
15399,fortis,1987,10.6,9.3
15130,fortis,1987,10.9,9.3
15174,fortis,1987,10.9,9.3
10183,fortis,1987,11.0,9.3
14471,fortis,1987,11.0,9.3
15289,fortis,1987,11.15,9.3
15428,fortis,1987,11.15,9.3
2537,fortis,1987,11.3,9.3
2666,fortis,1987,12.81,9.3
14896,fortis,1987,10.09,9.31
15971,fortis,1987,10.84,9.31
15189,fortis,1987,10.94,9.31
15500,fortis,1987,11.04,9.31
15820,fortis,1987,11.04,9.31
15474,fortis,1987,11.14,9.31
15938,fortis,1987,11.14,9.31
15987,fortis,1987,11.14,9.31
15463,fortis,1987,11.24,9.31
15746,fortis,1987,11.24,9.31
15801,fortis,1987,11.24,9.31
15739,fortis,1987,11.34,9.31
14643,fortis,1987,10.95,9.32
15310,fortis,1987,10.66,9.33
14770,fortis,1987,10.96,9.33
14792,fortis,1987,10.96,9.33
15191,fortis,1987,11.56,9.33
14744,fortis,1987,10.4,9.35
15950,fortis,1987,10.6,9.35
15788,fortis,1987,10.75,9.35
15376,fortis,1987,10.9,9.35
10716,fortis,1987,10.73,9.37
15155,fortis,1987,11.2,9.37
14874,fortis,1987,9.9,9.4
15326,fortis,1987,10.0,9.4
14629,fortis,1987,10.2,9.4
15238,fortis,1987,10.4,9.4
14705,fortis,1987,10.5,9.4
15838,fortis,1987,11.1,9.4
10826,fortis,1987,11.2,9.4
14171,fortis,1987,11.3,9.4
15346,fortis,1987,11.8,9.4
15426,fortis,1987,10.34,9.41
15633,fortis,1987,11.24,9.41
15709,fortis,1987,11.44,9.41
15904,fortis,1987,11.54,9.41
15323,fortis,1987,12.04,9.41
15152,fortis,1987,10.94,9.42
15605,fortis,1987,11.1,9.42
14546,fortis,1987,11.67,9.42
14923,fortis,1987,13.57,9.42
15129,fortis,1987,10.61,9.43
15165,fortis,1987,10.66,9.43
14641,fortis,1987,10.96,9.43
14794,fortis,1987,10.96,9.43
13409,fortis,1987,11.21,9.43
15110,fortis,1987,11.55,9.43
14884,fortis,1987,11.96,9.43
10330,fortis,1987,10.67,9.44
2658,fortis,1987,10.8,9.44
13552,fortis,1987,11.3,9.44
15482,fortis,1987,10.8,9.45
14900,fortis,1987,11.0,9.45
5635,fortis,1987,11.51,9.45
15929,fortis,1987,11.6,9.45
13704,fortis,1987,10.67,9.47
14766,fortis,1987,10.77,9.47
14940,fortis,1987,11.3,9.47
15308,fortis,1987,11.55,9.47
14823,fortis,1987,11.6,9.47
14722,fortis,1987,12.15,9.47
15613,fortis,1987,10.4,9.5
13644,fortis,1987,10.5,9.5
15360,fortis,1987,10.5,9.5
15939,fortis,1987,10.5,9.5
16168,fortis,1987,10.5,9.5
15395,fortis,1987,10.8,9.5
15885,fortis,1987,10.8,9.5
10081,fortis,1987,10.9,9.5
15648,fortis,1987,10.9,9.5
15734,fortis,1987,10.9,9.5
15398,fortis,1987,11.0,9.5
10670,fortis,1987,11.1,9.5
15041,fortis,1987,11.1,9.5
2862,fortis,1987,11.15,9.5
14675,fortis,1987,11.2,9.5
14687,fortis,1987,11.5,9.5
14957,fortis,1987,11.8,9.5
15447,fortis,1987,12.9,9.5
15042,fortis,1987,11.04,9.51
15028,fortis,1987,11.14,9.51
15642,fortis,1987,11.14,9.51
15329,fortis,1987,11.24,9.51
15660,fortis,1987,11.24,9.51
15714,fortis,1987,11.24,9.51
15767,fortis,1987,11.64,9.51
15316,fortis,1987,11.84,9.51
14948,fortis,1987,10.7,9.52
14621,fortis,1987,11.2,9.52
14720,fortis,1987,12.0,9.52
14937,fortis,1987,11.36,9.53
15131,fortis,1987,11.86,9.53
15616,fortis,1987,12.16,9.53
15840,fortis,1987,10.85,9.55
14893,fortis,1987,11.0,9.55
14958,fortis,1987,11.29,9.56
14676,fortis,1987,11.0,9.57
14839,fortis,1987,11.94,9.57
15370,fortis,1987,12.25,9.57
5335,fortis,1987,11.96,9.59
10751,fortis,1987,10.0,9.6
14713,fortis,1987,10.4,9.6
14615,fortis,1987,10.7,9.6
14825,fortis,1987,10.7,9.6
14040,fortis,1987,10.8,9.6
16117,fortis,1987,10.8,9.6
13075,fortis,1987,10.85,9.6
15339,fortis,1987,10.9,9.6
2847,fortis,1987,11.0,9.6
14916,fortis,1987,11.1,9.6
15390,fortis,1987,11.15,9.6
4843,fortis,1987,11.17,9.6
14492,fortis,1987,11.2,9.6
5560,fortis,1987,11.3,9.6
14678,fortis,1987,11.5,9.6
14866,fortis,1987,11.7,9.6
15612,fortis,1987,11.9,9.6
15158,fortis,1987,12.1,9.6
14793,fortis,1987,9.14,9.61
10194,fortis,1987,11.02,9.61
15949,fortis,1987,11.04,9.61
15475,fortis,1987,11.24,9.61
15722,fortis,1987,11.24,9.61
15210,fortis,1987,11.44,9.61
15839,fortis,1987,11.44,9.61
15908,fortis,1987,11.44,9.61
15049,fortis,1987,11.54,9.61
15764,fortis,1987,11.54,9.61
15667,fortis,1987,10.84,9.62
15004,fortis,1987,10.5,9.63
15293,fortis,1987,10.86,9.63
14774,fortis,1987,11.06,9.63
14842,fortis,1987,11.15,9.63
15969,fortis,1987,11.26,9.63
14790,fortis,1987,11.36,9.63
14887,fortis,1987,12.16,9.63
14677,fortis,1987,11.6,9.65
14710,fortis,1987,11.65,9.65
4378,fortis,1987,10.64,9.66
5586,fortis,1987,10.2,9.67
15197,fortis,1987,11.04,9.67
10550,fortis,1987,11.88,9.69
14917,fortis,1987,10.3,9.7
14816,fortis,1987,10.7,9.7
4899,fortis,1987,10.87,9.7
4911,fortis,1987,11.0,9.7
15196,fortis,1987,11.0,9.7
15607,fortis,1987,11.0,9.7
16173,fortis,1987,11.13,9.7
14751,fortis,1987,11.2,9.7
15113,fortis,1987,11.2,9.7
14688,fortis,1987,11.3,9.7
13807,fortis,1987,11.4,9.7
15001,fortis,1987,11.4,9.7
15239,fortis,1987,11.04,9.71
15212,fortis,1987,11.14,9.71
15753,fortis,1987,11.14,9.71
10228,fortis,1987,11.24,9.71
15644,fortis,1987,11.24,9.71
14609,fortis,1987,11.29,9.71
15655,fortis,1987,10.34,9.72
14617,fortis,1987,11.14,9.72
13837,fortis,1987,11.58,9.72
15172,fortis,1987,11.84,9.72
14670,fortis,1987,12.44,9.72
14736,fortis,1987,10.96,9.73
15012,fortis,1987,11.46,9.73
14807,fortis,1987,11.67,9.73
13945,fortis,1987,10.43,9.74
14412,fortis,1987,10.73,9.74
3569,fortis,1987,10.94,9.74
15857,fortis,1987,11.94,9.76
15478,fortis,1987,11.1,9.77
15930,fortis,1987,12.05,9.77
14739,fortis,1987,10.81,9.78
14633,fortis,1987,11.29,9.78
14674,fortis,1987,10.5,9.8
13201,fortis,1987,10.7,9.8
5026,fortis,1987,10.9,9.8
15193,fortis,1987,10.9,9.8
14746,fortis,1987,11.0,9.8
14963,fortis,1987,11.0,9.8
14971,fortis,1987,11.0,9.8
15385,fortis,1987,11.1,9.8
15015,fortis,1987,11.2,9.8
5505,fortis,1987,11.4,9.8
15621,fortis,1987,11.6,9.8
14987,fortis,1987,11.7,9.8
14820,fortis,1987,11.8,9.8
14889,fortis,1987,11.8,9.8
5504,fortis,1987,11.9,9.8
15302,fortis,1987,12.3,9.8
14942,fortis,1987,11.19,9.81
14856,fortis,1987,11.24,9.81
14849,fortis,1987,11.34,9.81
15203,fortis,1987,11.49,9.81
15670,fortis,1987,11.64,9.81
15371,fortis,1987,11.74,9.81
15856,fortis,1987,11.74,9.81
15377,fortis,1987,10.94,9.82
15979,fortis,1987,11.04,9.82
14796,fortis,1987,11.15,9.82
15145,fortis,1987,11.3,9.82
15058,fortis,1987,10.96,9.83
15692,fortis,1987,11.16,9.83
15033,fortis,1987,11.26,9.83
15255,fortis,1987,12.1,9.83
14620,fortis,1987,10.7,9.85
13781,fortis,1987,12.3,9.85
5625,fortis,1987,10.94,9.86
14783,fortis,1987,11.39,9.86
15053,fortis,1987,12.01,9.86
15150,fortis,1987,10.94,9.87
5921,fortis,1987,11.2,9.87
15358,fortis,1987,11.34,9.87
15383,fortis,1987,11.7,9.87
14886,fortis,1987,11.86,9.88
5570,fortis,1987,10.8,9.9
13975,fortis,1987,11.0,9.9
14930,fortis,1987,11.2,9.9
15433,fortis,1987,11.3,9.9
5400,fortis,1987,11.5,9.9
15473,fortis,1987,11.5,9.9
15124,fortis,1987,11.7,9.9
5614,fortis,1987,11.8,9.9
10305,fortis,1987,11.82,9.9
15148,fortis,1987,11.9,9.9
15849,fortis,1987,12.0,9.9
15665,fortis,1987,11.14,9.91
14955,fortis,1987,11.74,9.91
14721,fortis,1987,11.84,9.91
15682,fortis,1987,12.24,9.91
4721,fortis,1987,10.95,9.92
14660,fortis,1987,11.14,9.92
15355,fortis,1987,11.84,9.92
15653,fortis,1987,11.84,9.92
14711,fortis,1987,12.05,9.92
15281,fortis,1987,12.17,9.92
4190,fortis,1987,11.04,9.93
15650,fortis,1987,11.06,9.93
15112,fortis,1987,11.16,9.93
14974,fortis,1987,11.46,9.93
10080,fortis,1987,11.1,9.95
14943,fortis,1987,11.85,9.95
13760,fortis,1987,10.67,9.96
14689,fortis,1987,11.2,9.96
14117,fortis,1987,10.6,10.0
15674,fortis,1987,10.6,10.0
10679,fortis,1987,10.9,10.0
5963,fortis,1987,11.0,10.0
14818,fortis,1987,11.0,10.0
15749,fortis,1987,11.0,10.0
14781,fortis,1987,11.1,10.0
13231,fortis,1987,11.13,10.0
14174,fortis,1987,11.2,10.0
2776,fortis,1987,11.3,10.0
15140,fortis,1987,11.3,10.0
14745,fortis,1987,11.5,10.0
15951,fortis,1987,11.5,10.0
15291,fortis,1987,11.7,10.0
14752,fortis,1987,11.9,10.0
14772,fortis,1987,12.0,10.0
15603,fortis,1987,12.8,10.0
15062,fortis,1987,11.44,10.01
15003,fortis,1987,11.94,10.01
14961,fortis,1987,11.84,10.02
14346,fortis,1987,11.93,10.02
15073,fortis,1987,10.66,10.03
5860,fortis,1987,11.55,10.05
15681,fortis,1987,12.29,10.06
14817,fortis,1987,11.5,10.07
14618,fortis,1987,11.16,10.08
13300,fortis,1987,11.06,10.09
15183,fortis,1987,11.2,10.1
13413,fortis,1987,11.3,10.1
15897,fortis,1987,11.6,10.1
15249,fortis,1987,11.7,10.1
15199,fortis,1987,11.34,10.11
15920,fortis,1987,11.44,10.11
15099,fortis,1987,11.49,10.11
14865,fortis,1987,11.74,10.11
14333,fortis,1987,11.03,10.12
5789,fortis,1987,11.28,10.12
15309,fortis,1987,11.45,10.12
15317,fortis,1987,11.84,10.12
14895,fortis,1987,10.96,10.13
14738,fortis,1987,11.26,10.13
14926,fortis,1987,12.66,10.13
15448,fortis,1987,13.96,10.13
14812,fortis,1987,11.05,10.15
5960,fortis,1987,11.4,10.15
15461,fortis,1987,11.44,10.16
4677,fortis,1987,11.02,10.17
13595,fortis,1987,11.4,10.17
14656,fortis,1987,11.9,10.17
14657,fortis,1987,10.25,10.2
14992,fortis,1987,11.0,10.2
14777,fortis,1987,11.6,10.2
15304,fortis,1987,12.3,10.2
14619,fortis,1987,11.54,10.21
14753,fortis,1987,11.54,10.21
14650,fortis,1987,11.74,10.21
15315,fortis,1987,11.74,10.21
14627,fortis,1987,10.86,10.23
15295,fortis,1987,11.96,10.23
10658,fortis,1987,11.15,10.27
4946,fortis,1987,11.42,10.27
14655,fortis,1987,11.33,10.29
5731,fortis,1987,10.8,10.3
5559,fortis,1987,11.0,10.3
15338,fortis,1987,11.1,10.3
10622,fortis,1987,11.3,10.3
2984,fortis,1987,11.4,10.3
14851,fortis,1987,11.4,10.3
5060,fortis,1987,11.8,10.3
14003,fortis,1987,11.8,10.32
5844,fortis,1987,11.83,10.32
14805,fortis,1987,11.06,10.33
3527,fortis,1987,11.79,10.33
14919,fortis,1987,11.87,10.33
15830,fortis,1987,12.27,10.33
14468,fortis,1987,11.83,10.34
5847,fortis,1987,11.93,10.34
2753,fortis,1987,10.89,10.35
15471,fortis,1987,11.6,10.35
15609,fortis,1987,11.8,10.35
15444,fortis,1987,12.85,10.35
15025,fortis,1987,11.29,10.37
14873,fortis,1987,11.6,10.4
15101,fortis,1987,11.7,10.4
15458,fortis,1987,11.9,10.4
15037,fortis,1987,12.0,10.4
15171,fortis,1987,12.0,10.4
14925,fortis,1987,12.75,10.4
15411,fortis,1987,12.24,10.41
14616,fortis,1987,11.65,10.42
14922,fortis,1987,11.76,10.43
5905,fortis,1987,11.86,10.43
4993,fortis,1987,11.44,10.45
14662,fortis,1987,11.0,10.5
5904,fortis,1987,11.1,10.5
10181,fortis,1987,11.1,10.5
15702,fortis,1987,11.7,10.5
5543,fortis,1987,11.8,10.5
720,fortis,1987,12.2,10.5
15413,fortis,1987,11.54,10.51
15392,fortis,1987,11.64,10.51
15947,fortis,1987,11.94,10.51
15955,fortis,1987,12.34,10.51
15021,fortis,1987,11.0,10.52
14625,fortis,1987,11.84,10.52
14651,fortis,1987,11.84,10.52
14848,fortis,1987,11.36,10.53
15147,fortis,1987,11.46,10.53
15980,fortis,1987,11.56,10.53
4876,fortis,1987,10.34,10.55
1469,fortis,1987,11.73,10.56
15372,fortis,1987,12.25,10.57
5649,fortis,1987,11.55,10.59
3393,fortis,1987,11.7,10.6
15216,fortis,1987,11.9,10.6
15688,fortis,1987,11.54,10.61
5821,fortis,1987,12.32,10.62
14870,fortis,1987,11.95,10.67
13407,fortis,1987,11.27,10.68
14993,fortis,1987,12.3,10.7
14663,fortis,1987,11.65,10.72
14991,fortis,1987,12.4,10.72
15170,fortis,1987,12.84,10.72
14804,fortis,1987,11.76,10.73
1774,fortis,1987,11.9,10.75
14149,fortis,1987,10.9,10.8
14622,fortis,1987,11.0,10.8
15948,fortis,1987,11.6,10.8
2536,fortis,1987,11.44,10.84
14624,fortis,1987,11.85,10.85
2743,fortis,1987,12.1,10.85
5370,fortis,1987,12.73,10.88
14706,fortis,1987,11.5,10.9
15825,fortis,1987,11.8,10.9
10178,fortis,1987,11.7,11.0
15910,fortis,1987,11.85,11.0
15976,fortis,1987,12.2,11.0
14550,fortis,1987,13.65,11.02
13487,fortis,1987,11.78,11.07
14649,fortis,1987,11.7,11.1
4986,fortis,1987,11.87,11.17
15651,fortis,1987,12.8,11.2
15954,fortis,1987,12.04,11.21
15905,fortis,1987,11.46,11.38
14442,fortis,1987,11.53,11.38
14408,fortis,1987,11.23,11.49
15877,fortis,1987,12.26,11.53
5110,fortis,1987,14.07,12.37
3597,fortis,1987,13.03,12.7
15718,scandens,1987,10.75,7.77
5594,scandens,1987,13.73,7.94
15235,scandens,1987,14.04,7.96
15252,scandens,1987,12.5,8.0
15847,scandens,1987,12.64,8.01
15139,scandens,1987,12.66,8.23
15237,scandens,1987,13.0,8.3
4045,scandens,1987,13.15,8.36
8443,scandens,1987,13.96,8.37
15798,scandens,1987,13.15,8.4
14786,scandens,1987,13.7,8.4
364,scandens,1987,14.0,8.4
10001,scandens,1987,13.43,8.41
15119,scandens,1987,14.0,8.5
15676,scandens,1987,14.9,8.5
15476,scandens,1987,13.6,8.6
14576,scandens,1987,13.8,8.6
15419,scandens,1987,14.9,8.6
15635,scandens,1987,13.94,8.61
2733,scandens,1987,14.81,8.67
15751,scandens,1987,12.5,8.7
14834,scandens,1987,13.75,8.7
4109,scandens,1987,14.0,8.7
15901,scandens,1987,14.5,8.7
14830,scandens,1987,14.7,8.7
15086,scandens,1987,14.05,8.72
15986,scandens,1987,14.17,8.72
4223,scandens,1987,15.07,8.77
15725,scandens,1987,11.5,8.8
13554,scandens,1987,13.5,8.8
15407,scandens,1987,13.87,8.8
3425,scandens,1987,14.9,8.8
15704,scandens,1987,12.34,8.81
15102,scandens,1987,14.34,8.81
5582,scandens,1987,15.07,8.87
15121,scandens,1987,14.01,8.88
10770,scandens,1987,12.86,8.89
14755,scandens,1987,13.6,8.9
13555,scandens,1987,13.8,8.9
15765,scandens,1987,13.85,8.9
15243,scandens,1987,13.9,8.9
8441,scandens,1987,14.1,8.9
10067,scandens,1987,14.1,8.9
15406,scandens,1987,14.2,8.9
15234,scandens,1987,14.3,8.9
15608,scandens,1987,14.9,8.9
14758,scandens,1987,13.84,8.91
14835,scandens,1987,14.09,8.91
15882,scandens,1987,14.05,8.92
14787,scandens,1987,14.15,8.93
14727,scandens,1987,14.25,8.93
5351,scandens,1987,13.6,8.95
15859,scandens,1987,14.57,8.95
15721,scandens,1987,11.89,8.96
5663,scandens,1987,13.8,8.97
2543,scandens,1987,14.21,8.97
5013,scandens,1987,14.76,8.99
10394,scandens,1987,12.07,9.0
17548,scandens,1987,13.9,9.0
14647,scandens,1987,14.1,9.0
13548,scandens,1987,14.3,9.0
5345,scandens,1987,14.95,9.0
15760,scandens,1987,14.34,9.01
15685,scandens,1987,13.84,9.02
14731,scandens,1987,14.04,9.02
14906,scandens,1987,14.14,9.02
15330,scandens,1987,12.56,9.03
4577,scandens,1987,15.14,9.04
4744,scandens,1987,14.35,9.05
10984,scandens,1987,14.85,9.05
14759,scandens,1987,14.04,9.06
15639,scandens,1987,14.2,9.1
15090,scandens,1987,14.3,9.1
4221,scandens,1987,14.5,9.1
15422,scandens,1987,14.5,9.1
15441,scandens,1987,14.6,9.1
15736,scandens,1987,15.0,9.1
4683,scandens,1987,13.6,9.13
14768,scandens,1987,14.65,9.13
5375,scandens,1987,14.03,9.14
14843,scandens,1987,14.16,9.18
2554,scandens,1987,13.83,9.2
14995,scandens,1987,14.2,9.2
15638,scandens,1987,14.35,9.2
15837,scandens,1987,14.45,9.2
10002,scandens,1987,14.64,9.21
14584,scandens,1987,15.04,9.21
14730,scandens,1987,13.9,9.22
3458,scandens,1987,14.34,9.24
5911,scandens,1987,14.53,9.24
2760,scandens,1987,14.2,9.25
15812,scandens,1987,14.85,9.25
5367,scandens,1987,15.1,9.25
10174,scandens,1987,15.2,9.25
1645,scandens,1987,13.5,9.26
4090,scandens,1987,14.95,9.26
5576,scandens,1987,13.83,9.28
14975,scandens,1987,13.95,9.28
2877,scandens,1987,15.09,9.28
10206,scandens,1987,13.43,9.3
4778,scandens,1987,13.7,9.3
5322,scandens,1987,14.0,9.3
10207,scandens,1987,14.15,9.3
10740,scandens,1987,14.75,9.3
8450,scandens,1987,14.9,9.3
10517,scandens,1987,15.0,9.3
2758,scandens,1987,13.56,9.32
14729,scandens,1987,14.26,9.33
10743,scandens,1987,13.83,9.34
13527,scandens,1987,14.53,9.34
8444,scandens,1987,14.84,9.34
15738,scandens,1987,15.0,9.35
2445,scandens,1987,13.76,9.37
5931,scandens,1987,13.9,9.37
14728,scandens,1987,14.29,9.37
15615,scandens,1987,14.63,9.37
14646,scandens,1987,14.3,9.38
13526,scandens,1987,13.6,9.4
15343,scandens,1987,14.4,9.4
10105,scandens,1987,14.9,9.4
14645,scandens,1987,14.9,9.4
2433,scandens,1987,14.34,9.42
10268,scandens,1987,14.53,9.43
10245,scandens,1987,14.65,9.45
4706,scandens,1987,14.8,9.5
14918,scandens,1987,16.0,9.5
15694,scandens,1987,13.14,9.51
15421,scandens,1987,14.44,9.51
14208,scandens,1987,12.73,9.52
1396,scandens,1987,15.04,9.54
1444,scandens,1987,14.85,9.55
4051,scandens,1987,14.2,9.6
10061,scandens,1987,15.2,9.6
4701,scandens,1987,16.0,9.6
13257,scandens,1987,14.47,9.62
2949,scandens,1987,14.54,9.64
14946,scandens,1987,14.9,9.65
5656,scandens,1987,14.9,9.7
5608,scandens,1987,15.8,9.7
15352,scandens,1987,13.46,9.73
15817,scandens,1987,14.77,9.73
4119,scandens,1987,14.44,9.74
10223,scandens,1987,15.2,9.8
2969,scandens,1987,16.0,9.8
14648,scandens,1987,14.4,9.82
15658,scandens,1987,14.45,9.85
13256,scandens,1987,15.35,9.85
8425,scandens,1987,14.2,9.9
14524,scandens,1987,15.3,9.9
10075,scandens,1987,14.27,9.94
4137,scandens,1987,15.8,10.0
14847,scandens,1987,15.3,10.1
15886,scandens,1987,11.24,10.11
14877,scandens,1987,15.2,10.27
8036,scandens,1987,15.44,10.34
14579,scandens,1987,14.96,11.33
2639,fortis,1991,10.3,8.95
2666,fortis,1991,12.81,9.3
2753,fortis,1991,10.89,10.35
2776,fortis,1991,11.3,10.0
4229,fortis,1991,10.05,8.62
4677,fortis,1991,11.02,10.17
4715,fortis,1991,10.4,8.7
4899,fortis,1991,10.87,9.7
4911,fortis,1991,11.0,9.7
4936,fortis,1991,10.0,9.05
4946,fortis,1991,11.42,10.27
5026,fortis,1991,10.9,9.8
5110,fortis,1991,14.07,12.37
5370,fortis,1991,12.73,10.88
5505,fortis,1991,11.4,9.8
5555,fortis,1991,9.04,8.42
5578,fortis,1991,9.8,7.65
5586,fortis,1991,10.2,9.67
5602,fortis,1991,10.83,8.74
5625,fortis,1991,10.94,9.86
5626,fortis,1991,11.1,8.89
5669,fortis,1991,10.4,8.9
5685,fortis,1991,9.8,8.55
5721,fortis,1991,11.1,8.9
5731,fortis,1991,10.8,10.3
5821,fortis,1991,12.32,10.62
5826,fortis,1991,10.55,9.2
5860,fortis,1991,11.55,10.05
5872,fortis,1991,11.8,8.8
5887,fortis,1991,10.18,8.4
5904,fortis,1991,11.1,10.5
5905,fortis,1991,11.86,10.43
5921,fortis,1991,11.2,9.87
5927,fortis,1991,10.7,9.2
5960,fortis,1991,11.4,10.15
10081,fortis,1991,10.9,9.5
10100,fortis,1991,10.93,8.45
10102,fortis,1991,10.98,9.08
10181,fortis,1991,11.1,10.5
10213,fortis,1991,10.7,9.2
10305,fortis,1991,11.82,9.9
10376,fortis,1991,9.28,7.68
10679,fortis,1991,10.9,10.0
10826,fortis,1991,11.2,9.4
13269,fortis,1991,9.4,8.7
13300,fortis,1991,11.06,10.09
13351,fortis,1991,10.0,8.35
13385,fortis,1991,11.2,8.87
13486,fortis,1991,9.98,9.07
13543,fortis,1991,10.3,8.1
13575,fortis,1991,11.0,8.93
13595,fortis,1991,11.4,10.17
13644,fortis,1991,10.5,9.5
13687,fortis,1991,10.67,8.77
13704,fortis,1991,10.67,9.47
13837,fortis,1991,11.58,9.72
13945,fortis,1991,10.43,9.74
13975,fortis,1991,11.0,9.9
13994,fortis,1991,10.18,8.64
14003,fortis,1991,11.8,10.32
14041,fortis,1991,10.0,9.2
14062,fortis,1991,10.7,9.2
14100,fortis,1991,10.6,9.2
14117,fortis,1991,10.6,10.0
14258,fortis,1991,10.76,8.91
14347,fortis,1991,10.63,9.12
14442,fortis,1991,11.53,11.38
14468,fortis,1991,11.83,10.34
14478,fortis,1991,10.9,8.95
14492,fortis,1991,11.2,9.6
14518,fortis,1991,10.72,9.17
14533,fortis,1991,11.1,8.92
14612,fortis,1991,9.27,7.95
14613,fortis,1991,9.1,7.0
14620,fortis,1991,10.7,9.85
14624,fortis,1991,11.85,10.85
14625,fortis,1991,11.84,10.52
14633,fortis,1991,11.29,9.78
14655,fortis,1991,11.33,10.29
14656,fortis,1991,11.9,10.17
14660,fortis,1991,11.14,9.92
14672,fortis,1991,10.54,9.12
14674,fortis,1991,10.5,9.8
14676,fortis,1991,11.0,9.57
14678,fortis,1991,11.5,9.6
14681,fortis,1991,9.94,8.96
14684,fortis,1991,10.7,8.9
14686,fortis,1991,10.74,8.31
14687,fortis,1991,11.5,9.5
14689,fortis,1991,11.2,9.96
14692,fortis,1991,11.25,9.15
14694,fortis,1991,10.8,8.7
14705,fortis,1991,10.5,9.4
14706,fortis,1991,11.5,10.9
14710,fortis,1991,11.65,9.65
14720,fortis,1991,12.0,9.52
14722,fortis,1991,12.15,9.47
14723,fortis,1991,12.0,9.1
14741,fortis,1991,11.04,9.06
14745,fortis,1991,11.5,10.0
14752,fortis,1991,11.9,10.0
14762,fortis,1991,10.3,8.5
14763,fortis,1991,10.19,8.81
14777,fortis,1991,11.6,10.2
14783,fortis,1991,11.39,9.86
14784,fortis,1991,11.34,9.11
14788,fortis,1991,12.0,9.0
14796,fortis,1991,11.15,9.82
14797,fortis,1991,10.37,8.8
14808,fortis,1991,11.6,8.9
14811,fortis,1991,10.33,8.9
14812,fortis,1991,11.05,10.15
14818,fortis,1991,11.0,10.0
14822,fortis,1991,10.0,8.3
14841,fortis,1991,9.9,8.87
14846,fortis,1991,10.04,9.01
14854,fortis,1991,10.75,9.2
14856,fortis,1991,11.24,9.81
14858,fortis,1991,10.9,8.8
14866,fortis,1991,11.7,9.6
14873,fortis,1991,11.6,10.4
14879,fortis,1991,10.7,9.2
14880,fortis,1991,9.84,8.72
14890,fortis,1991,10.9,8.4
14900,fortis,1991,11.0,9.45
14901,fortis,1991,10.1,9.3
14902,fortis,1991,10.0,8.6
14909,fortis,1991,10.0,8.3
14912,fortis,1991,9.64,8.28
14913,fortis,1991,9.14,7.41
14915,fortis,1991,11.0,9.0
14919,fortis,1991,11.87,10.33
14925,fortis,1991,12.75,10.4
14930,fortis,1991,11.2,9.9
14939,fortis,1991,10.2,8.45
14955,fortis,1991,11.74,9.91
14956,fortis,1991,10.85,9.27
14957,fortis,1991,11.8,9.5
14958,fortis,1991,11.29,9.56
14963,fortis,1991,11.0,9.8
14970,fortis,1991,9.8,8.5
14971,fortis,1991,11.0,9.8
14978,fortis,1991,9.7,8.1
14983,fortis,1991,8.83,7.32
15001,fortis,1991,11.4,9.7
15004,fortis,1991,10.5,9.63
15005,fortis,1991,11.29,8.71
15014,fortis,1991,11.04,8.02
15015,fortis,1991,11.2,9.8
15018,fortis,1991,9.64,8.71
15025,fortis,1991,11.29,10.37
15027,fortis,1991,10.37,9.17
15037,fortis,1991,12.0,10.4
15041,fortis,1991,11.1,9.5
15047,fortis,1991,10.35,9.11
15049,fortis,1991,11.54,9.61
15054,fortis,1991,10.3,9.0
15065,fortis,1991,11.09,9.11
15066,fortis,1991,11.4,9.1
15079,fortis,1991,9.89,8.36
15106,fortis,1991,10.0,8.25
15111,fortis,1991,10.24,8.31
15125,fortis,1991,10.6,9.2
15127,fortis,1991,9.24,8.42
15150,fortis,1991,10.94,9.87
15153,fortis,1991,10.57,9.07
15154,fortis,1991,9.4,7.95
15158,fortis,1991,12.1,9.6
15170,fortis,1991,12.84,10.72
15172,fortis,1991,11.84,9.72
15182,fortis,1991,10.1,8.9
15183,fortis,1991,11.2,10.1
15188,fortis,1991,10.74,8.47
15197,fortis,1991,11.04,9.67
15210,fortis,1991,11.44,9.61
15220,fortis,1991,10.24,8.82
15223,fortis,1991,11.6,8.9
15225,fortis,1991,10.8,7.8
15229,fortis,1991,10.99,8.96
15230,fortis,1991,10.1,9.03
15232,fortis,1991,10.52,8.98
15238,fortis,1991,10.4,9.4
15241,fortis,1991,10.8,9.0
15244,fortis,1991,11.15,8.8
15246,fortis,1991,10.64,8.76
15261,fortis,1991,11.34,9.21
15263,fortis,1991,10.39,9.21
15277,fortis,1991,9.95,7.9
15281,fortis,1991,12.17,9.92
15284,fortis,1991,9.2,7.3
15285,fortis,1991,9.34,7.92
15286,fortis,1991,9.2,8.2
15288,fortis,1991,10.95,8.35
15289,fortis,1991,11.15,9.3
15291,fortis,1991,11.7,10.0
15309,fortis,1991,11.45,10.12
15313,fortis,1991,10.04,8.87
15317,fortis,1991,11.84,10.12
15337,fortis,1991,10.47,8.97
15339,fortis,1991,10.9,9.6
15346,fortis,1991,11.8,9.4
15359,fortis,1991,11.04,9.12
15376,fortis,1991,10.9,9.35
15383,fortis,1991,11.7,9.87
15385,fortis,1991,11.1,9.8
15389,fortis,1991,10.83,9.1
15392,fortis,1991,11.64,10.51
15396,fortis,1991,10.63,9.27
15402,fortis,1991,9.99,8.36
15408,fortis,1991,11.2,9.15
15412,fortis,1991,10.5,9.07
15428,fortis,1991,11.15,9.3
15431,fortis,1991,11.29,8.91
15444,fortis,1991,12.85,10.35
15464,fortis,1991,9.45,8.65
15471,fortis,1991,11.6,10.35
15478,fortis,1991,11.1,9.77
15484,fortis,1991,9.7,7.45
15601,fortis,1991,10.9,9.2
15607,fortis,1991,11.0,9.7
15621,fortis,1991,11.6,9.8
15648,fortis,1991,10.9,9.5
15650,fortis,1991,11.06,9.93
15651,fortis,1991,12.8,11.2
15659,fortis,1991,11.04,8.91
15665,fortis,1991,11.14,9.91
15667,fortis,1991,10.84,9.62
15679,fortis,1991,10.0,8.4
15681,fortis,1991,12.29,10.06
15695,fortis,1991,9.5,7.5
15702,fortis,1991,11.7,10.5
15706,fortis,1991,10.0,8.5
15726,fortis,1991,9.04,7.42
15727,fortis,1991,11.0,9.25
15734,fortis,1991,10.9,9.5
15757,fortis,1991,10.57,8.7
15761,fortis,1991,11.3,8.6
15779,fortis,1991,9.74,7.86
15788,fortis,1991,10.75,9.35
15822,fortis,1991,10.49,9.07
15830,fortis,1991,12.27,10.33
15838,fortis,1991,11.1,9.4
15840,fortis,1991,10.85,9.55
15845,fortis,1991,10.4,8.4
15854,fortis,1991,10.64,8.91
15857,fortis,1991,11.94,9.76
15863,fortis,1991,11.69,9.07
15873,fortis,1991,10.0,8.0
15885,fortis,1991,10.8,9.5
15897,fortis,1991,11.6,10.1
15914,fortis,1991,9.24,7.81
15915,fortis,1991,10.74,8.31
15920,fortis,1991,11.44,10.11
15929,fortis,1991,11.6,9.45
15930,fortis,1991,12.05,9.77
15934,fortis,1991,11.14,9.11
15939,fortis,1991,10.5,9.5
15944,fortis,1991,10.8,8.3
15948,fortis,1991,11.6,10.8
15950,fortis,1991,10.6,9.35
15951,fortis,1991,11.5,10.0
15970,fortis,1991,9.83,8.5
15973,fortis,1991,10.19,8.06
15977,fortis,1991,9.84,8.32
15978,fortis,1991,10.39,8.76
15979,fortis,1991,11.04,9.82
15983,fortis,1991,10.54,8.71
15995,fortis,1991,9.94,8.52
16007,fortis,1991,10.04,8.22
16016,fortis,1991,9.97,8.8
16024,fortis,1991,9.0,7.4
16027,fortis,1991,10.25,8.0
16028,fortis,1991,11.1,9.65
16044,fortis,1991,10.75,8.9
16091,fortis,1991,9.33,7.7
16093,fortis,1991,10.5,8.4
16095,fortis,1991,10.0,8.15
16096,fortis,1991,10.6,8.8
16135,fortis,1991,11.5,9.4
16141,fortis,1991,11.6,10.6
16143,fortis,1991,11.4,10.1
16144,fortis,1991,11.3,10.4
16145,fortis,1991,10.8,9.4
16146,fortis,1991,11.2,10.1
16148,fortis,1991,10.8,9.5
16149,fortis,1991,11.5,9.8
16150,fortis,1991,11.65,10.3
16165,fortis,1991,9.7,8.0
16167,fortis,1991,10.55,8.85
16173,fortis,1991,11.13,9.7
16176,fortis,1991,10.9,9.6
16184,fortis,1991,11.05,9.25
16190,fortis,1991,10.7,9.2
16197,fortis,1991,10.7,9.2
16301,fortis,1991,10.4,9.1
16306,fortis,1991,11.3,10.2
16309,fortis,1991,10.9,8.6
16310,fortis,1991,11.0,9.0
16315,fortis,1991,10.9,8.8
16316,fortis,1991,10.8,8.1
16317,fortis,1991,10.2,8.2
16319,fortis,1991,10.8,9.0
16331,fortis,1991,10.9,9.8
16333,fortis,1991,10.2,9.1
16336,fortis,1991,12.5,9.9
16337,fortis,1991,11.3,9.2
16341,fortis,1991,10.3,9.5
16344,fortis,1991,9.4,8.5
16356,fortis,1991,11.05,9.4
16360,fortis,1991,10.7,9.4
16367,fortis,1991,9.7,8.6
16374,fortis,1991,10.6,9.0
16378,fortis,1991,11.55,9.8
16380,fortis,1991,11.0,9.2
16385,fortis,1991,10.8,8.8
16386,fortis,1991,9.53,8.27
16387,fortis,1991,11.9,10.3
16391,fortis,1991,10.6,9.2
16394,fortis,1991,10.8,9.6
16395,fortis,1991,11.05,9.8
16396,fortis,1991,12.5,10.3
16398,fortis,1991,12.1,9.8
16507,fortis,1991,10.9,10.1
16511,fortis,1991,10.7,9.3
16514,fortis,1991,10.8,9.5
16518,fortis,1991,12.0,10.0
16531,fortis,1991,11.65,9.95
16549,fortis,1991,10.6,9.0
16550,fortis,1991,10.75,9.05
16551,fortis,1991,11.1,9.0
16553,fortis,1991,10.9,9.2
16554,fortis,1991,10.9,10.4
16559,fortis,1991,11.3,9.9
16560,fortis,1991,11.6,9.6
16564,fortis,1991,12.1,10.3
16565,fortis,1991,12.1,10.0
16566,fortis,1991,12.0,10.2
16575,fortis,1991,11.6,10.5
16579,fortis,1991,11.8,10.4
16580,fortis,1991,11.3,9.3
16583,fortis,1991,10.3,8.5
16590,fortis,1991,9.6,7.7
16594,fortis,1991,11.5,9.9
16595,fortis,1991,11.9,10.3
16596,fortis,1991,11.8,10.5
16597,fortis,1991,10.1,8.8
16598,fortis,1991,9.9,8.8
16803,fortis,1991,12.1,9.85
16805,fortis,1991,11.3,9.5
16807,fortis,1991,9.7,7.5
16808,fortis,1991,11.15,9.45
16810,fortis,1991,10.65,9.1
16811,fortis,1991,9.9,7.5
16815,fortis,1991,10.3,8.9
16816,fortis,1991,11.4,9.8
16817,fortis,1991,11.7,9.7
16818,fortis,1991,11.3,10.1
16833,fortis,1991,11.8,9.4
16834,fortis,1991,11.55,9.0
16836,fortis,1991,12.3,9.9
16840,fortis,1991,10.9,9.0
16851,fortis,1991,10.3,8.6
16858,fortis,1991,11.5,9.4
16859,fortis,1991,10.4,8.65
16861,fortis,1991,10.1,8.7
16869,fortis,1991,11.75,9.65
16875,fortis,1991,10.1,8.1
16889,fortis,1991,9.55,7.8
16891,fortis,1991,9.7,8.0
16895,fortis,1991,10.0,8.3
17010,fortis,1991,11.3,8.9
17013,fortis,1991,11.0,9.3
17014,fortis,1991,10.0,8.2
17033,fortis,1991,10.6,9.3
17037,fortis,1991,10.77,9.03
17048,fortis,1991,10.0,8.3
17057,fortis,1991,12.3,10.1
17061,fortis,1991,10.7,10.0
17063,fortis,1991,9.85,8.6
17067,fortis,1991,10.8,9.1
17070,fortis,1991,10.6,9.2
17073,fortis,1991,10.6,8.53
17075,fortis,1991,10.7,9.0
17083,fortis,1991,10.4,9.6
17095,fortis,1991,10.7,8.9
17109,fortis,1991,10.0,9.0
17111,fortis,1991,9.7,8.7
17113,fortis,1991,9.7,8.6
17114,fortis,1991,10.5,8.6
17116,fortis,1991,10.7,9.3
17136,fortis,1991,11.0,9.1
17145,fortis,1991,11.0,9.9
17160,fortis,1991,10.9,9.3
17168,fortis,1991,10.7,8.3
17179,fortis,1991,9.73,8.37
17188,fortis,1991,9.0,7.9
17301,fortis,1991,9.4,9.2
17307,fortis,1991,8.8,8.0
17310,fortis,1991,8.9,7.9
17311,fortis,1991,10.8,8.7
17315,fortis,1991,11.3,9.0
17344,fortis,1991,10.6,9.6
17360,fortis,1991,11.1,9.8
17367,fortis,1991,12.0,10.2
17369,fortis,1991,13.0,11.2
17379,fortis,1991,10.6,8.6
17380,fortis,1991,11.85,9.2
17381,fortis,1991,10.9,8.5
17384,fortis,1991,11.5,10.3
17386,fortis,1991,11.1,9.9
17388,fortis,1991,11.9,10.2
17395,fortis,1991,11.7,10.0
17403,fortis,1991,9.7,8.0
17410,fortis,1991,11.8,10.4
17411,fortis,1991,10.0,9.1
17415,fortis,1991,10.13,8.7
17416,fortis,1991,10.7,9.1
17418,fortis,1991,10.8,8.9
17419,fortis,1991,10.6,9.0
17436,fortis,1991,10.7,8.3
17439,fortis,1991,11.4,9.7
17440,fortis,1991,11.1,9.2
17443,fortis,1991,11.0,8.8
17460,fortis,1991,11.47,10.0
17461,fortis,1991,10.2,9.0
17464,fortis,1991,11.0,9.7
17466,fortis,1991,10.6,9.6
17467,fortis,1991,11.7,9.5
17468,fortis,1991,10.7,8.8
17480,fortis,1991,9.8,7.5
17483,fortis,1991,10.1,7.8
17485,fortis,1991,10.9,9.0
17490,fortis,1991,10.7,9.9
17491,fortis,1991,10.6,8.9
17493,fortis,1991,11.6,10.5
17494,fortis,1991,11.9,10.7
17496,fortis,1991,12.4,10.0
17497,fortis,1991,11.0,9.0
17498,fortis,1991,10.6,9.7
17500,fortis,1991,10.0,8.9
17503,fortis,1991,9.8,7.9
17534,fortis,1991,10.15,8.95
17551,fortis,1991,9.3,7.7
17559,fortis,1991,11.8,9.8
17568,fortis,1991,10.8,8.9
17573,fortis,1991,9.9,9.0
17583,fortis,1991,9.9,8.4
17589,fortis,1991,11.5,10.4
17603,fortis,1991,10.5,9.17
17605,fortis,1991,11.2,9.1
17615,fortis,1991,12.4,9.4
17617,fortis,1991,10.1,8.2
17618,fortis,1991,10.85,8.1
17634,fortis,1991,10.75,8.85
17638,fortis,1991,8.9,6.9
17639,fortis,1991,10.0,8.9
17641,fortis,1991,11.2,9.5
17643,fortis,1991,11.0,8.7
17646,fortis,1991,12.3,9.9
17647,fortis,1991,11.6,10.2
17648,fortis,1991,11.1,9.4
17649,fortis,1991,11.7,10.6
17653,fortis,1991,11.0,8.4
17654,fortis,1991,10.8,8.6
17656,fortis,1991,9.5,8.2
17659,fortis,1991,10.8,8.8
17664,fortis,1991,10.5,9.2
17665,fortis,1991,9.5,8.1
17666,fortis,1991,11.7,10.5
17668,fortis,1991,11.0,9.5
17677,fortis,1991,10.6,9.0
17693,fortis,1991,10.5,8.8
17696,fortis,1991,11.1,10.1
17697,fortis,1991,10.9,9.6
17698,fortis,1991,10.7,9.6
17699,fortis,1991,10.8,9.5
17717,fortis,1991,11.55,9.65
17733,fortis,1991,10.7,9.4
17734,fortis,1991,11.3,10.0
17735,fortis,1991,10.6,8.8
17738,fortis,1991,10.4,9.9
17740,fortis,1991,10.7,8.7
17754,fortis,1991,9.8,9.0
17759,fortis,1991,11.6,9.7
17768,fortis,1991,10.1,8.4
17771,fortis,1991,11.7,9.8
17786,fortis,1991,11.7,9.6
17791,fortis,1991,10.8,9.8
17797,fortis,1991,10.3,8.5
17798,fortis,1991,10.65,8.85
17800,fortis,1991,10.8,8.9
17803,fortis,1991,10.7,9.2
17907,fortis,1991,10.7,9.0
17908,fortis,1991,10.2,8.8
17916,fortis,1991,9.7,7.4
17934,fortis,1991,10.4,8.7
17936,fortis,1991,11.5,9.0
17940,fortis,1991,11.1,9.8
17954,fortis,1991,10.3,9.2
17955,fortis,1991,11.5,10.0
17964,fortis,1991,10.9,9.5
17969,fortis,1991,9.9,8.8
17971,fortis,1991,10.8,8.8
17974,fortis,1991,10.1,9.0
17983,fortis,1991,10.9,9.0
17986,fortis,1991,11.2,9.0
17991,fortis,1991,12.7,10.65
17993,fortis,1991,11.8,10.5
17999,fortis,1991,11.5,9.5
2760,scandens,1991,14.2,9.25
3425,scandens,1991,14.9,8.8
4090,scandens,1991,14.95,9.26
4137,scandens,1991,15.8,10.0
4223,scandens,1991,15.07,8.77
4683,scandens,1991,13.6,9.13
4706,scandens,1991,14.8,9.5
4778,scandens,1991,13.7,9.3
5351,scandens,1991,13.6,8.95
5582,scandens,1991,15.07,8.87
5608,scandens,1991,15.8,9.7
5656,scandens,1991,14.9,9.7
10001,scandens,1991,13.43,8.41
10002,scandens,1991,14.64,9.21
10061,scandens,1991,15.2,9.6
10105,scandens,1991,14.9,9.4
10174,scandens,1991,15.2,9.25
10206,scandens,1991,13.43,9.3
10223,scandens,1991,15.2,9.8
10268,scandens,1991,14.53,9.43
10394,scandens,1991,12.07,9.0
10740,scandens,1991,14.75,9.3
13256,scandens,1991,15.35,9.85
13257,scandens,1991,14.47,9.62
13548,scandens,1991,14.3,9.0
14208,scandens,1991,12.73,9.52
14524,scandens,1991,15.3,9.9
14576,scandens,1991,13.8,8.6
14584,scandens,1991,15.04,9.21
14646,scandens,1991,14.3,9.38
14728,scandens,1991,14.29,9.37
14731,scandens,1991,14.04,9.02
14755,scandens,1991,13.6,8.9
14758,scandens,1991,13.84,8.91
14759,scandens,1991,14.04,9.06
14786,scandens,1991,13.7,8.4
14830,scandens,1991,14.7,8.7
14834,scandens,1991,13.75,8.7
14835,scandens,1991,14.09,8.91
14847,scandens,1991,15.3,10.1
14877,scandens,1991,15.2,10.27
14946,scandens,1991,14.9,9.65
14975,scandens,1991,13.95,9.28
14995,scandens,1991,14.2,9.2
15235,scandens,1991,14.04,7.96
15237,scandens,1991,13.0,8.3
15406,scandens,1991,14.2,8.9
15419,scandens,1991,14.9,8.6
15441,scandens,1991,14.6,9.1
15476,scandens,1991,13.6,8.6
15615,scandens,1991,14.63,9.37
15638,scandens,1991,14.35,9.2
15639,scandens,1991,14.2,9.1
15658,scandens,1991,14.45,9.85
15685,scandens,1991,13.84,9.02
15694,scandens,1991,13.14,9.51
15704,scandens,1991,12.34,8.81
15718,scandens,1991,10.75,7.77
15721,scandens,1991,11.89,8.96
15725,scandens,1991,11.5,8.8
15736,scandens,1991,15.0,9.1
15760,scandens,1991,14.34,9.01
15765,scandens,1991,13.85,8.9
15798,scandens,1991,13.15,8.4
15812,scandens,1991,14.85,9.25
15817,scandens,1991,14.77,9.73
15837,scandens,1991,14.45,9.2
15859,scandens,1991,14.57,8.95
15901,scandens,1991,14.5,8.7
15986,scandens,1991,14.17,8.72
16100,scandens,1991,14.3,9.6
16109,scandens,1991,14.0,9.3
16113,scandens,1991,14.9,10.4
16183,scandens,1991,14.0,8.9
16195,scandens,1991,11.8,9.3
16568,scandens,1991,12.15,8.4
16569,scandens,1991,12.7,8.6
16585,scandens,1991,13.7,8.9
16600,scandens,1991,15.0,10.1
16873,scandens,1991,14.4,8.9
17001,scandens,1991,12.8,8.8
17004,scandens,1991,14.05,9.25
17099,scandens,1991,13.3,8.6
17140,scandens,1991,13.1,8.7
17143,scandens,1991,12.9,8.4
17153,scandens,1991,14.8,9.5
17176,scandens,1991,14.15,8.65
17305,scandens,1991,14.4,9.0
17353,scandens,1991,14.6,9.0
17374,scandens,1991,13.0,8.5
17474,scandens,1991,14.6,9.75
17475,scandens,1991,13.8,9.1
17504,scandens,1991,13.9,9.3
17505,scandens,1991,13.6,8.6
17548,scandens,1991,13.9,9.0
17658,scandens,1991,14.3,9.1
17673,scandens,1991,14.7,8.2
17674,scandens,1991,13.5,8.1
17685,scandens,1991,14.0,9.4
17764,scandens,1991,13.1,9.0
17779,scandens,1991,12.9,8.8
17788,scandens,1991,14.6,10.1
17795,scandens,1991,13.3,8.8
17901,scandens,1991,14.8,9.5
17915,scandens,1991,11.8,8.3
17930,scandens,1991,12.8,8.7
17939,scandens,1991,12.6,8.6
17947,scandens,1991,11.8,7.9
17950,scandens,1991,10.3,8.7
17953,scandens,1991,11.1,9.5
17956,scandens,1991,13.7,9.0
17963,scandens,1991,13.8,8.9
19022,fortis,2012,10.0,8.5
19028,fortis,2012,12.5,8.9
19032,fortis,2012,9.3,7.5
19041,fortis,2012,10.3,9.6
19044,fortis,2012,11.0,9.2
19048,fortis,2012,10.1,8.2
19072,fortis,2012,9.6,7.8
19082,fortis,2012,10.9,8.6
19104,fortis,2012,10.3,8.4
19114,fortis,2012,9.8,7.7
19121,fortis,2012,10.1,8.0
19126,fortis,2012,10.4,8.7
19146,fortis,2012,9.6,8.1
19164,fortis,2012,10.6,8.8
19174,fortis,2012,10.6,9.4
19203,fortis,2012,11.9,10.0
19210,fortis,2012,11.3,9.6
19217,fortis,2012,11.3,9.6
19224,fortis,2012,9.7,8.1
19226,fortis,2012,9.7,7.5
19252,fortis,2012,10.1,8.4
19263,fortis,2012,10.0,7.9
19274,fortis,2012,10.0,8.3
19280,fortis,2012,10.0,8.9
19288,fortis,2012,11.5,9.1
19328,fortis,2012,9.5,7.7
19349,fortis,2012,11.2,8.3
19362,fortis,2012,10.7,8.6
19372,fortis,2012,10.0,8.4
19382,fortis,2012,9.8,7.7
19384,fortis,2012,10.9,9.1
19392,fortis,2012,9.2,7.7
19394,fortis,2012,10.2,9.0
19422,fortis,2012,11.3,10.2
19439,fortis,2012,10.3,8.1
19461,fortis,2012,10.7,8.6
19482,fortis,2012,10.0,8.4
19502,fortis,2012,9.7,8.1
19511,fortis,2012,9.9,8.0
19536,fortis,2012,10.7,8.3
19563,fortis,2012,11.0,10.3
19568,fortis,2012,9.7,8.0
19602,fortis,2012,10.5,8.8
19604,fortis,2012,11.7,9.0
19614,fortis,2012,10.8,9.3
19623,fortis,2012,9.1,7.6
19627,fortis,2012,10.9,8.2
19642,fortis,2012,12.2,10.0
19649,fortis,2012,10.9,8.2
19654,fortis,2012,10.7,8.2
19674,fortis,2012,10.4,8.3
19682,fortis,2012,9.7,7.8
19712,fortis,2012,10.3,8.0
19734,fortis,2012,9.8,8.4
19746,fortis,2012,10.6,9.3
19749,fortis,2012,10.5,8.9
19774,fortis,2012,12.5,9.7
19782,fortis,2012,9.2,7.6
19815,fortis,2012,10.1,9.0
19820,fortis,2012,10.6,8.6
19821,fortis,2012,11.5,8.9
19829,fortis,2012,10.8,8.6
19832,fortis,2012,10.5,8.8
19835,fortis,2012,10.1,8.5
19840,fortis,2012,10.7,9.2
19849,fortis,2012,9.6,8.0
19874,fortis,2012,10.7,9.4
19878,fortis,2012,10.1,7.7
19889,fortis,2012,10.0,8.4
19914,fortis,2012,10.0,8.5
19921,fortis,2012,10.4,9.0
19922,fortis,2012,10.4,9.0
19928,fortis,2012,11.7,9.3
19932,fortis,2012,10.6,8.7
19942,fortis,2012,11.5,8.1
19946,fortis,2012,10.7,8.7
19947,fortis,2012,10.4,7.9
19952,fortis,2012,10.1,7.7
19974,fortis,2012,10.8,8.4
19993,fortis,2012,11.5,9.25
19994,fortis,2012,11.1,8.1
21049,fortis,2012,9.9,8.3
21052,fortis,2012,10.5,8.5
21080,fortis,2012,12.2,9.9
21082,fortis,2012,10.9,8.4
21087,fortis,2012,12.9,9.9
21088,fortis,2012,9.7,7.2
21089,fortis,2012,9.7,8.2
21090,fortis,2012,10.0,8.2
21129,fortis,2012,10.1,8.3
21160,fortis,2012,10.2,8.4
21161,fortis,2012,9.6,7.5
21162,fortis,2012,9.9,8.2
21165,fortis,2012,10.6,8.6
21169,fortis,2012,9.8,8.2
21191,fortis,2012,11.1,8.8
21244,fortis,2012,10.0,8.5
21247,fortis,2012,10.9,8.1
21249,fortis,2012,10.0,8.3
21258,fortis,2012,10.6,8.5
21259,fortis,2012,10.7,8.1
21261,fortis,2012,9.4,7.3
21262,fortis,2012,10.1,8.0
21265,fortis,2012,11.8,10.2
21266,fortis,2012,12.2,11.1
21272,fortis,2012,12.9,9.9
21273,fortis,2012,10.1,8.7
21276,fortis,2012,10.1,8.3
21277,fortis,2012,9.0,7.8
21282,fortis,2012,11.7,9.9
21283,fortis,2012,10.9,10.3
21287,fortis,2012,10.4,8.4
21293,fortis,2012,12.7,8.7
21294,fortis,2012,10.5,9.8
21296,fortis,2012,9.6,8.7
21298,fortis,2012,10.6,9.0
21299,fortis,2012,10.4,7.8
21341,fortis,2012,10.5,8.5
21343,fortis,2012,10.1,8.2
21349,fortis,2012,10.6,9.2
22000,fortis,2012,10.6,9.0
19026,scandens,2012,14.3,9.4
19029,scandens,2012,13.7,9.5
19094,scandens,2012,13.8,11.0
19122,scandens,2012,12.0,8.7
19125,scandens,2012,13.0,8.4
19129,scandens,2012,13.0,9.1
19172,scandens,2012,13.6,8.7
19182,scandens,2012,12.8,10.2
19212,scandens,2012,13.6,9.6
19214,scandens,2012,12.95,8.85
19244,scandens,2012,13.1,8.8
19251,scandens,2012,13.4,9.5
19260,scandens,2012,13.9,9.2
19270,scandens,2012,12.3,9.0
19278,scandens,2012,14.0,9.8
19289,scandens,2012,12.5,9.3
19299,scandens,2012,12.3,9.0
19312,scandens,2012,13.9,10.2
19326,scandens,2012,13.1,7.7
19343,scandens,2012,12.5,9.0
19374,scandens,2012,13.9,9.5
19401,scandens,2012,13.7,9.4
19406,scandens,2012,12.0,8.0
19408,scandens,2012,14.4,8.9
19426,scandens,2012,13.5,9.4
19430,scandens,2012,13.8,9.5
19433,scandens,2012,13.0,8.0
19438,scandens,2012,14.9,10.0
19452,scandens,2012,12.5,8.95
19466,scandens,2012,12.3,8.2
19469,scandens,2012,12.8,8.8
19486,scandens,2012,13.4,9.2
19492,scandens,2012,13.8,9.4
19493,scandens,2012,13.5,9.5
19494,scandens,2012,13.5,8.1
19495,scandens,2012,13.4,9.5
19496,scandens,2012,12.3,8.4
19497,scandens,2012,14.35,9.3
19510,scandens,2012,13.2,9.3
19513,scandens,2012,13.8,9.6
19518,scandens,2012,14.6,9.2
19526,scandens,2012,14.3,10.0
19527,scandens,2012,13.8,8.9
19528,scandens,2012,13.6,10.5
19543,scandens,2012,12.9,8.9
19553,scandens,2012,13.0,8.6
19554,scandens,2012,13.5,8.8
19573,scandens,2012,13.2,9.15
19592,scandens,2012,13.7,9.5
19594,scandens,2012,13.1,9.1
19597,scandens,2012,13.2,10.2
19598,scandens,2012,12.6,8.4
19599,scandens,2012,13.0,10.0
19619,scandens,2012,13.9,10.2
19622,scandens,2012,13.2,9.3
19652,scandens,2012,15.0,10.8
19653,scandens,2012,13.37,8.3
19664,scandens,2012,11.4,7.8
19692,scandens,2012,13.8,9.8
19720,scandens,2012,13.0,7.9
19740,scandens,2012,13.0,8.9
19747,scandens,2012,13.1,7.7
19766,scandens,2012,12.8,8.9
19783,scandens,2012,13.3,9.4
19844,scandens,2012,13.5,9.4
19848,scandens,2012,12.4,8.5
19852,scandens,2012,13.1,8.5
19854,scandens,2012,14.0,9.6
19855,scandens,2012,13.5,10.2
19868,scandens,2012,11.8,8.8
19882,scandens,2012,13.7,9.5
19900,scandens,2012,13.2,9.3
19910,scandens,2012,12.2,9.0
19936,scandens,2012,13.0,9.2
19940,scandens,2012,13.1,8.7
19941,scandens,2012,14.7,9.0
19951,scandens,2012,13.7,9.1
19955,scandens,2012,13.5,8.7
19956,scandens,2012,13.3,9.4
21040,scandens,2012,14.1,9.8
21041,scandens,2012,12.5,8.6
21045,scandens,2012,13.7,10.6
21047,scandens,2012,14.6,9.0
21053,scandens,2012,14.1,9.5
21057,scandens,2012,12.9,8.1
21070,scandens,2012,13.9,9.3
21081,scandens,2012,13.4,9.6
21092,scandens,2012,13.0,8.5
21093,scandens,2012,12.7,8.2
21106,scandens,2012,12.1,8.0
21109,scandens,2012,14.0,9.5
21111,scandens,2012,14.9,9.7
21113,scandens,2012,13.9,9.9
21131,scandens,2012,12.9,9.1
21135,scandens,2012,14.6,9.5
21136,scandens,2012,14.0,9.8
21159,scandens,2012,13.0,8.4
21167,scandens,2012,12.7,8.3
21176,scandens,2012,14.0,9.6
21248,scandens,2012,14.1,9.4
21253,scandens,2012,14.1,10.0
21255,scandens,2012,13.0,8.9
21256,scandens,2012,13.5,9.1
21257,scandens,2012,13.4,9.8
21260,scandens,2012,13.9,9.3
21263,scandens,2012,13.1,9.9
21267,scandens,2012,12.9,8.9
21268,scandens,2012,14.0,8.5
21270,scandens,2012,14.0,10.6
21271,scandens,2012,14.1,9.3
21278,scandens,2012,14.7,8.9
21279,scandens,2012,13.4,8.9
21280,scandens,2012,13.8,9.7
21281,scandens,2012,13.4,9.8
21285,scandens,2012,13.8,10.5
21286,scandens,2012,12.4,8.4
21288,scandens,2012,14.1,10.0
21289,scandens,2012,12.9,9.0
21290,scandens,2012,13.9,8.7
21291,scandens,2012,14.3,8.8
21292,scandens,2012,13.2,8.4
21295,scandens,2012,14.2,9.3
21297,scandens,2012,13.0,9.8
21340,scandens,2012,14.6,8.9
21342,scandens,2012,13.1,9.8
21347,scandens,2012,15.2,9.1
